Id,Name,Minimum_Stock_Level__c
01tdL00000ZL2fNQAT,Burgundy Formal Shirt,2
01tdL00000ZL2fOQAT,Green Formal Shirt,2
01tdL00000ZL2fPQAT,Patent Black Oxford Shoes,2
01tdL00000ZL2fQQAT,Blue Oxford Shoes,2
01tdL00000ZL2fRQAT,Brown Oxford Shoe,2
01tdL00000ZL2fSQAT,Brown Socks,2
01tdL00000ZL2fTQAT,Green Socks,2
01tdL00000ZL2fUQAT,Blue Suit,2
01tdL00000ZL2fVQAT,Grey Suit,2
01tdL00000ZL2fWQAT,Green Silk Tie,2
01tdL00000ZL2fXQAT,Maroon Silk Tie,2
01tdL00000ZL2fYQAT,Navy Silk Tie,2